idgoogleads,idalpeshub
2174930101,137
3661819127,72
3696767047,525
2864540294,200
9739537892,436
8866877544,188
4598108439,476
3562613276,38
4315469180,249
8959210421,259
2595285924,571
1680285991,301
7784993600,122
1575225282,297
6515568774,39
9865022842,582
7157739150,8
6877734154,142
2790260319,299
8814943088,37
5346299011,4
9690578789,572
2444465952,258
4654901546,623
4970076149,558
9879876505,144
9362428411,122
9567777158,302
4722325511,300
7466114791,279
3438199280,506
7877995486,474
9996299484,323
6342946770,505
5833973584,524
4760189615,202
7310882686,320
9350247148,286
1989786554,70
5331538890,352
3869737095,9
7384574560,310
1836121645,10
8461784250,76
1712156001,347
8159173397,208
3602602076,201
6666644444,3
3357154601,560
4511884061,573
6426655450,504
5366780047,5
4528563580,435
4957043676,289
6972101407,417
7165400003,278
9592972799,7
4906588650,296
7314758025,559
4660995250,6
8210281093,536
4533873900,303
5485163515,280
4977132252,288